,Tax Year,County,Municipality,Property Type,Property Count,Avg Land Value,Avg Bldg. Value,Avg Property Value,Prior Year Tax
0,2019,ATLANTIC,ABSECON CITY,RESIDENTIAL,3278,$73053.97,$96368.24,$169422.21,$5580.45
1,2019,ATLANTIC,ATLANTIC CITY CITY,RESIDENTIAL,10825,$59312.44,$61868.03,$121136.62,$4520.34
2,2019,ATLANTIC,BRIGANTINE CITY,RESIDENTIAL,8594,$227007.61,$140924.97,$367932.58,$6365.36
3,2019,ATLANTIC,BUENA BORO,RESIDENTIAL,1304,$56245.78,$115850.61,$172096.40,$5561.77
4,2019,ATLANTIC,BUENA VISTA TWP,RESIDENTIAL,2400,$67443.79,$146290.96,$213734.75,$5640.60
5,2019,ATLANTIC,CORBIN CITY CITY,RESIDENTIAL,222,$68942.79,$124419.37,$193362.16,$3680.11
6,2019,ATLANTIC,EGG HARBOR CITY,RESIDENTIAL,1251,$36330.54,$83713.99,$119865.39,$6202.60
7,2019,ATLANTIC,EGG HARBOR TWP,RESIDENTIAL,14933,$56139.05,$150739.56,$206878.60,$6496.19
8,2019,ATLANTIC,ESTELL MANOR CITY,RESIDENTIAL,747,$48400.00,$130444.71,$178844.71,$4306.31
9,2019,ATLANTIC,FOLSOM BORO,RESIDENTIAL,664,$76054.82,$122280.42,$198335.24,$3943.78
10,2019,ATLANTIC,GALLOWAY TWP,RESIDENTIAL,13400,$47285.35,$119054.25,$166332.14,$5103.02
11,2019,ATLANTIC,HAMILTON TWP,RESIDENTIAL,8921,$38434.01,$122713.20,$161127.30,$5003.15
12,2019,ATLANTIC,HAMMONTON TOWN,RESIDENTIAL,4617,$57221.23,$156885.99,$214107.21,$5745.20
13,2019,ATLANTIC,LINWOOD CITY,RESIDENTIAL,2738,$120970.85,$174953.98,$295924.84,$10153.98
14,2019,ATLANTIC,LONGPORT BORO,RESIDENTIAL,1583,$791666.77,$325049.08,$1116715.86,$10932.28
15,2019,ATLANTIC,MARGATE CITY CITY,RESIDENTIAL,6662,$318349.65,$216448.66,$534798.32,$8319.16
16,2019,ATLANTIC,MULLICA TWP,RESIDENTIAL,2205,$55478.68,$128326.03,$183804.72,$5429.64
17,2019,ATLANTIC,NORTHFIELD CITY,RESIDENTIAL,3136,$73057.97,$146693.08,$219751.05,$7444.42
18,2019,ATLANTIC,PLEASANTVILLE CITY,RESIDENTIAL,5088,$23354.01,$70430.15,$93729.97,$4371.23
19,2019,ATLANTIC,PORT REPUBLIC CITY,RESIDENTIAL,468,$64971.37,$165141.45,$230112.82,$6139.88
20,2019,ATLANTIC,SOMERS POINT CITY,RESIDENTIAL,3763,$81873.56,$128269.41,$210031.44,$6504.43
21,2019,ATLANTIC,VENTNOR CITY,RESIDENTIAL,6297,$171286.47,$132471.86,$301583.13,$7953.49
22,2019,ATLANTIC,WEYMOUTH TWP,RESIDENTIAL,663,$58660.63,$134747.66,$193408.30,$4872.22
23,2019,BERGEN,ALLENDALE BORO,RESIDENTIAL,2250,$316808.80,$344524.89,$661333.69,$15198.09
24,2019,BERGEN,ALPINE BORO,RESIDENTIAL,659,$1372234.90,$1383612.44,$2755847.34,$21381.13
25,2019,BERGEN,BERGENFIELD BORO,RESIDENTIAL,6875,$166401.66,$160957.02,$327358.68,$10581.11
26,2019,BERGEN,BOGOTA BORO,RESIDENTIAL,2021,$130403.46,$132424.84,$262814.50,$10270.32
27,2019,BERGEN,CARLSTADT BORO,RESIDENTIAL,1552,$164960.50,$211538.92,$376499.42,$7034.47
28,2019,BERGEN,CLIFFSIDE PARK BORO,RESIDENTIAL,6778,$189059.29,$172276.59,$361335.88,$8501.85
29,2019,BERGEN,CLOSTER BORO,RESIDENTIAL,2697,$385580.42,$327648.61,$713229.03,$15582.62
30,2019,BERGEN,CRESSKILL BORO,RESIDENTIAL,2777,$300111.70,$402388.84,$702500.54,$16768.57
31,2019,BERGEN,DEMAREST BORO,RESIDENTIAL,1651,$403956.45,$380954.21,$784910.66,$19950.29
32,2019,BERGEN,DUMONT BORO,RESIDENTIAL,4971,$165737.46,$141728.92,$307466.37,$11032.02
33,2019,BERGEN,E RUTHERFORD BORO,RESIDENTIAL,1969,$213237.63,$177361.86,$390599.49,$6328.77
34,2019,BERGEN,EDGEWATER BORO,RESIDENTIAL,3859,$231050.97,$244788.55,$475839.52,$8562.25
35,2019,BERGEN,ELMWOOD PARK BORO,RESIDENTIAL,4884,$192964.68,$137151.00,$330115.68,$9621.14
36,2019,BERGEN,EMERSON BORO,RESIDENTIAL,2325,$217098.62,$224614.37,$441712.99,$11977.99
37,2019,BERGEN,ENGLEWOOD CITY,RESIDENTIAL,6771,$254975.08,$210333.61,$465308.70,$12705.70
38,2019,BERGEN,ENGLEWOOD CLIFFS BORO,RESIDENTIAL,1931,$796623.77,$512888.40,$1309512.17,$13693.94
39,2019,BERGEN,FAIRLAWN BORO,RESIDENTIAL,10190,$172716.05,$157848.52,$330564.56,$10911.78
40,2019,BERGEN,FAIRVIEW BORO,RESIDENTIAL,2162,$112640.19,$187859.60,$300499.80,$10061.76
41,2019,BERGEN,FORT LEE BORO,RESIDENTIAL,8309,$265788.26,$201098.86,$466887.12,$10636.99
42,2019,BERGEN,FRANKLIN LAKES BORO,RESIDENTIAL,3465,$444253.04,$619930.88,$1064183.92,$17329.27
43,2019,BERGEN,GARFIELD CITY,RESIDENTIAL,5647,$111809.37,$171153.04,$282944.70,$8020.51
44,2019,BERGEN,GLEN ROCK BORO,RESIDENTIAL,3874,$309079.09,$256906.94,$565986.04,$16324.17
45,2019,BERGEN,HACKENSACK CITY,RESIDENTIAL,8038,$115334.52,$135297.86,$250632.38,$8361.25
46,2019,BERGEN,HARRINGTON PARK BORO,RESIDENTIAL,1590,$268581.19,$272520.13,$541101.32,$15297.91
47,2019,BERGEN,HASBROUCK HGHTS BORO,RESIDENTIAL,3334,$174261.91,$218826.51,$393088.42,$10932.79
48,2019,BERGEN,HAWORTH BORO,RESIDENTIAL,1130,$277216.02,$345258.23,$622474.25,$17870.74
49,2019,BERGEN,HILLSDALE BORO,RESIDENTIAL,3304,$264111.08,$207956.99,$472068.07,$13190.71
50,2019,BERGEN,HOHOKUS BORO,RESIDENTIAL,1427,$374905.19,$391770.85,$766676.03,$16392.61
51,2019,BERGEN,LEONIA BORO,RESIDENTIAL,2439,$242017.22,$193596.97,$435614.19,$12820.80
52,2019,BERGEN,LITTLE FERRY BORO,RESIDENTIAL,2226,$140699.78,$146508.98,$287208.76,$9229.48
53,2019,BERGEN,LODI BORO,RESIDENTIAL,4453,$152413.65,$165611.30,$318024.95,$10298.94
54,2019,BERGEN,LYNDHURST TWP,RESIDENTIAL,5128,$166139.70,$147711.47,$313851.17,$9319.68
55,2019,BERGEN,MAHWAH TWP,RESIDENTIAL,9316,$245618.18,$230703.59,$476321.77,$8632.78
56,2019,BERGEN,MAYWOOD BORO,RESIDENTIAL,2738,$173328.38,$146903.14,$320231.52,$9731.11
57,2019,BERGEN,MIDLAND PARK BORO,RESIDENTIAL,2200,$203694.55,$192479.73,$396174.27,$11815.64
58,2019,BERGEN,MONTVALE BORO,RESIDENTIAL,2813,$253601.74,$268691.04,$522292.78,$12173.64
59,2019,BERGEN,MOONACHIE BORO,RESIDENTIAL,595,$149484.87,$195663.53,$345148.40,$8153.50
60,2019,BERGEN,NEW MILFORD BORO,RESIDENTIAL,4162,$161645.82,$166175.32,$327821.14,$11298.12
61,2019,BERGEN,NORTH ARLINGTON BORO,RESIDENTIAL,3729,$165489.22,$176286.75,$341775.97,$9747.99
62,2019,BERGEN,NORTHVALE BORO,RESIDENTIAL,1490,$239698.99,$156295.37,$395994.36,$11061.87
63,2019,BERGEN,NORWOOD BORO,RESIDENTIAL,1815,$265682.87,$285553.50,$551236.36,$13446.60
64,2019,BERGEN,OAKLAND BORO,RESIDENTIAL,4399,$199465.04,$214290.38,$413755.42,$11717.87
65,2019,BERGEN,OLD TAPPAN BORO,RESIDENTIAL,1952,$421240.06,$404662.55,$825902.61,$16764.04
66,2019,BERGEN,ORADELL BORO,RESIDENTIAL,2638,$267470.13,$282093.48,$549563.61,$14997.92
67,2019,BERGEN,PALISADES PARK BORO,RESIDENTIAL,3746,$238336.60,$252554.38,$490890.98,$9609.28
68,2019,BERGEN,PARAMUS BORO,RESIDENTIAL,8139,$280526.85,$251959.39,$532486.23,$9741.54
69,2019,BERGEN,PARK RIDGE BORO,RESIDENTIAL,2933,$263678.21,$210973.27,$474651.48,$13115.76
70,2019,BERGEN,RAMSEY BORO,RESIDENTIAL,5161,$237813.06,$286258.57,$524071.63,$12567.29
71,2019,BERGEN,RIDGEFIELD BORO,RESIDENTIAL,2513,$191563.43,$200491.52,$392054.95,$9467.56
72,2019,BERGEN,RIDGEFIELD PARK VILLAGE,RESIDENTIAL,2849,$126495.23,$143680.41,$269399.19,$10347.65
73,2019,BERGEN,RIDGEWOOD VILLAGE,RESIDENTIAL,7427,$349694.26,$352530.86,$702225.12,$18045.28
74,2019,BERGEN,RIVEREDGE BORO,RESIDENTIAL,3232,$193709.50,$195936.51,$389646.01,$13192.15
75,2019,BERGEN,RIVERVALE TWP,RESIDENTIAL,3350,$317438.81,$275931.52,$593370.33,$14983.60
76,2019,BERGEN,ROCHELLE PARK TWP,RESIDENTIAL,1808,$187408.79,$143618.20,$331026.99,$8115.26
77,2019,BERGEN,ROCKLEIGH BORO,RESIDENTIAL,72,$1009368.61,$578158.33,$1587526.94,$14993.70
78,2019,BERGEN,RUTHERFORD BORO,RESIDENTIAL,5015,$250184.38,$180831.12,$431015.49,$11627.42
79,2019,BERGEN,SADDLE BROOK TWP,RESIDENTIAL,4140,$161832.95,$181043.84,$342876.79,$8519.98
80,2019,BERGEN,SADDLE RIVER BORO,RESIDENTIAL,1282,$779790.48,$1117129.17,$1896919.66,$17152.39
81,2019,BERGEN,SO HACKENSACK TWP,RESIDENTIAL,518,$144663.71,$207299.42,$351963.13,$9507.69
82,2019,BERGEN,TEANECK TWP,RESIDENTIAL,11083,$189075.32,$195232.83,$384308.15,$12184.56
83,2019,BERGEN,TENAFLY BORO,RESIDENTIAL,4470,$462518.21,$359632.91,$822151.12,$20841.45
84,2019,BERGEN,TETERBORO BORO,RESIDENTIAL,7,$107757.14,$75800.00,$183557.14,$2060.52
85,2019,BERGEN,UPPER SADDLE RIV BORO,RESIDENTIAL,2629,$342321.83,$436457.51,$778779.35,$18486.35
86,2019,BERGEN,WALDWICK BORO,RESIDENTIAL,3387,$244339.77,$173792.59,$418132.36,$11165.62
87,2019,BERGEN,WALLINGTON BORO,RESIDENTIAL,2171,$151093.64,$162287.29,$313380.93,$9221.72
88,2019,BERGEN,WASHINGTON TWP,RESIDENTIAL,3374,$236425.64,$228750.21,$465175.84,$10970.47
89,2019,BERGEN,WESTWOOD BORO,RESIDENTIAL,3109,$232522.61,$194381.83,$426904.44,$10386.63
90,2019,BERGEN,WOOD RIDGE BORO,RESIDENTIAL,2971,$185800.98,$197936.79,$351032.58,$9412.77
91,2019,BERGEN,WOODCLIFF LAKE BORO,RESIDENTIAL,1932,$306939.70,$452839.96,$759779.66,$15606.23
92,2019,BERGEN,WYCKOFF TWP,RESIDENTIAL,5538,$459736.93,$330382.48,$790119.41,$14080.67
93,2019,BURLINGTON,BASS RIVER TWP,RESIDENTIAL,542,$82849.63,$131789.30,$214638.93,$4570.41
94,2019,BURLINGTON,BEVERLY CITY,RESIDENTIAL,856,$34785.28,$90797.55,$125582.83,$5714.70
95,2019,BURLINGTON,BORDENTOWN CITY,RESIDENTIAL,1199,$74144.29,$128423.69,$202567.97,$6990.67
96,2019,BURLINGTON,BORDENTOWN TWP,RESIDENTIAL,3549,$82211.55,$159677.03,$241888.58,$8327.97
97,2019,BURLINGTON,BURLINGTON CITY,RESIDENTIAL,3182,$41588.06,$97039.63,$138627.69,$5186.85
98,2019,BURLINGTON,BURLINGTON TWP,RESIDENTIAL,6934,$59480.75,$174905.48,$234386.23,$6914.99
99,2019,BURLINGTON,CHESTERFIELD TWP,RESIDENTIAL,1814,$113952.87,$273508.77,$387461.63,$11404.81
100,2019,BURLINGTON,CINNAMINSON TWP,RESIDENTIAL,5721,$71399.88,$162715.38,$234115.26,$8168.34
101,2019,BURLINGTON,DELANCO TWP,RESIDENTIAL,1791,$48860.19,$141163.09,$190023.28,$6098.52
102,2019,BURLINGTON,DELRAN TWP,RESIDENTIAL,5161,$52147.70,$159159.93,$211307.63,$7983.49
103,2019,BURLINGTON,EASTAMPTON TWP,RESIDENTIAL,1691,$52057.54,$170919.04,$222976.58,$6881.01
104,2019,BURLINGTON,EDGEWATER PARK TWP,RESIDENTIAL,2470,$58805.06,$127524.49,$186315.83,$5506.14
105,2019,BURLINGTON,EVESHAM TWP,RESIDENTIAL,15454,$94719.37,$177977.71,$272697.08,$7879.17
106,2019,BURLINGTON,FIELDSBORO BORO,RESIDENTIAL,210,$87927.62,$108647.62,$196575.24,$5648.99
107,2019,BURLINGTON,FLORENCE TWP,RESIDENTIAL,4610,$75365.60,$143392.62,$218758.22,$5519.65
108,2019,BURLINGTON,HAINESPORT TWP,RESIDENTIAL,2207,$64675.31,$213433.89,$278105.66,$6581.80
109,2019,BURLINGTON,LUMBERTON TWP,RESIDENTIAL,3725,$79046.98,$220460.75,$299507.73,$7050.04
110,2019,BURLINGTON,MANSFIELD TWP,RESIDENTIAL,3457,$86076.14,$163748.34,$249824.47,$7695.59
111,2019,BURLINGTON,MAPLE SHADE TWP,RESIDENTIAL,4701,$43338.03,$115902.49,$159240.52,$5406.33
112,2019,BURLINGTON,MEDFORD LAKES BORO,RESIDENTIAL,1541,$102314.28,$184225.24,$286539.52,$9247.30
113,2019,BURLINGTON,MEDFORD TWP,RESIDENTIAL,8173,$90018.57,$235560.79,$325579.36,$10167.01
114,2019,BURLINGTON,MOORESTOWN TWP,RESIDENTIAL,6745,$171496.04,$283836.80,$454031.76,$11597.83
115,2019,BURLINGTON,MT HOLLY TWP,RESIDENTIAL,2945,$49204.45,$126610.63,$171068.08,$4995.07
116,2019,BURLINGTON,MT LAUREL TWP,RESIDENTIAL,16399,$69062.88,$168224.29,$237287.17,$6769.08
117,2019,BURLINGTON,NEW HANOVER TWP,RESIDENTIAL,270,$39735.56,$140538.15,$180273.70,$4329.18
118,2019,BURLINGTON,NO HANOVER TWP,RESIDENTIAL,967,$74728.02,$233299.79,$308027.82,$6503.73
119,2019,BURLINGTON,PALMYRA BORO,RESIDENTIAL,2768,$52168.64,$95457.41,$147580.33,$5613.26
120,2019,BURLINGTON,PEMBERTON BORO,RESIDENTIAL,459,$26119.17,$158026.36,$184145.53,$3412.26
121,2019,BURLINGTON,PEMBERTON TWP,RESIDENTIAL,7986,$38871.36,$125106.84,$163978.20,$3684.43
122,2019,BURLINGTON,RIVERSIDE TWP,RESIDENTIAL,2447,$45331.96,$106739.19,$152071.15,$5602.71
123,2019,BURLINGTON,RIVERTON BORO,RESIDENTIAL,883,$98932.05,$148132.84,$246838.17,$8739.92
124,2019,BURLINGTON,SHAMONG TWP,RESIDENTIAL,1946,$110505.29,$196994.04,$307499.33,$8405.50
125,2019,BURLINGTON,SOUTHAMPTON TWP,RESIDENTIAL,4431,$64452.31,$124187.66,$188639.97,$5229.83
126,2019,BURLINGTON,SPRINGFIELD TWP,RESIDENTIAL,1017,$92480.04,$183968.24,$276448.28,$8189.05
127,2019,BURLINGTON,TABERNACLE TWP,RESIDENTIAL,2284,$75024.47,$190248.38,$265272.85,$7631.28
128,2019,BURLINGTON,WASHINGTON TWP,RESIDENTIAL,305,$91497.38,$134728.20,$226225.57,$3308.29
129,2019,BURLINGTON,WESTAMPTON TWP,RESIDENTIAL,3156,$75591.79,$165568.03,$241159.82,$5712.76
130,2019,BURLINGTON,WILLINGBORO TWP,RESIDENTIAL,10769,$37056.23,$120152.79,$157179.67,$6107.85
131,2019,BURLINGTON,WOODLAND TWP,RESIDENTIAL,474,$106798.10,$147709.92,$254508.02,$5776.83
132,2019,BURLINGTON,WRIGHTSTOWN BORO,RESIDENTIAL,131,$24855.73,$127183.21,$152038.93,$4201.04
133,2019,CAMDEN,AUDUBON BORO,RESIDENTIAL,2993,$91604.08,$110689.61,$202293.69,$7095.88
134,2019,CAMDEN,BARRINGTON BORO,RESIDENTIAL,2014,$60716.14,$132050.50,$192566.04,$8247.31
135,2019,CAMDEN,BELLMAWR BORO,RESIDENTIAL,3380,$51432.90,$115799.38,$167232.28,$6232.45
136,2019,CAMDEN,BERLIN BORO,RESIDENTIAL,2538,$64329.75,$169357.21,$233631.72,$7596.88
137,2019,CAMDEN,BERLIN TWP,RESIDENTIAL,1917,$44602.14,$135896.19,$180394.11,$6638.24
138,2019,CAMDEN,BROOKLAWN BORO,RESIDENTIAL,687,$20675.55,$88467.54,$109082.97,$4372.52
139,2019,CAMDEN,CAMDEN CITY,RESIDENTIAL,18637,$13368.44,$44077.58,$56763.45,$1694.42
140,2019,CAMDEN,CHERRY HILL TWNSHP,RESIDENTIAL,23894,$62347.73,$162922.03,$224554.31,$9047.96
141,2019,CAMDEN,CHESILHURST BORO,RESIDENTIAL,469,$37279.10,$126341.58,$163620.68,$5525.02
142,2019,CAMDEN,CLEMENTON BORO,RESIDENTIAL,1644,$32181.93,$88381.69,$118752.29,$5061.21
143,2019,CAMDEN,COLLINGSWOOD BORO,RESIDENTIAL,3982,$77079.93,$153235.51,$229762.73,$7963.85
144,2019,CAMDEN,GIBBSBORO BORO,RESIDENTIAL,795,$68025.28,$155380.50,$223405.79,$7980.02
145,2019,CAMDEN,GLOUCESTER CITY,RESIDENTIAL,3657,$27669.73,$79945.57,$107356.45,$4612.58
146,2019,CAMDEN,GLOUCESTER TWP,RESIDENTIAL,19968,$53836.36,$134163.78,$187984.44,$7397.46
147,2019,CAMDEN,HADDON HEIGHTS BORO,RESIDENTIAL,2596,$120339.41,$166336.86,$286676.27,$9224.72
148,2019,CAMDEN,HADDON TWP,RESIDENTIAL,4715,$78264.03,$149015.72,$227094.78,$8523.38
149,2019,CAMDEN,HADDONFIELD BORO,RESIDENTIAL,4108,$252503.53,$247167.02,$499670.55,$15320.99
150,2019,CAMDEN,HI NELLA BORO,RESIDENTIAL,125,$48072.80,$101699.20,$149772.00,$7198.28
151,2019,CAMDEN,LAUREL SPRINGS BORO,RESIDENTIAL,634,$37878.08,$124383.75,$162240.38,$8239.52
152,2019,CAMDEN,LAWNSIDE BORO,RESIDENTIAL,980,$37120.20,$98604.59,$135724.80,$5522.93
153,2019,CAMDEN,LINDENWOLD BORO,RESIDENTIAL,4084,$30180.61,$65938.42,$95949.17,$4877.47
154,2019,CAMDEN,MAGNOLIA BORO,RESIDENTIAL,1410,$44018.30,$103542.13,$147490.92,$6237.55
155,2019,CAMDEN,MERCHANTVILLE BORO,RESIDENTIAL,1092,$56689.19,$129575.73,$185815.02,$8219.55
156,2019,CAMDEN,MOUNT EPHRAIM BORO,RESIDENTIAL,1614,$38869.08,$106269.89,$145050.99,$6657.82
157,2019,CAMDEN,OAKLYN BORO,RESIDENTIAL,1327,$49403.32,$113054.63,$162440.54,$7202.74
158,2019,CAMDEN,PENNSAUKEN TWP,RESIDENTIAL,10999,$41164.10,$99377.43,$140174.94,$5285.59
159,2019,CAMDEN,PINE HILL BORO,RESIDENTIAL,3007,$21541.37,$93639.34,$114536.35,$6204.41
160,2019,CAMDEN,PINE VALLEY BORO,RESIDENTIAL,23,$9130.43,$545830.43,$554960.87,$9684.07
161,2019,CAMDEN,RUNNEMEDE BORO,RESIDENTIAL,2576,$46084.16,$101624.81,$147708.97,$5769.42
162,2019,CAMDEN,SOMERDALE BORO,RESIDENTIAL,1840,$40201.74,$100009.29,$140076.09,$5929.84
163,2019,CAMDEN,STRATFORD BORO,RESIDENTIAL,2109,$40314.98,$117332.81,$157542.39,$6716.58
164,2019,CAMDEN,TAVISTOCK BORO,RESIDENTIAL,3,$833333.33,$886666.67,$1720000.00,$0.00
165,2019,CAMDEN,VOORHEES TWP,RESIDENTIAL,8683,$79989.23,$178994.15,$258959.19,$10145.73
166,2019,CAMDEN,WATERFORD TWP,RESIDENTIAL,3619,$44779.44,$128582.34,$173361.79,$6908.48
167,2019,CAMDEN,WINSLOW TWP,RESIDENTIAL,12949,$41821.16,$133372.77,$175178.72,$6173.27
168,2019,CAMDEN,WOODLYNNE BORO,RESIDENTIAL,874,$18750.57,$49388.79,$68139.36,$5267.10
169,2019,CAPE MAY,AVALON BORO,RESIDENTIAL,5429,$1158233.19,$435234.61,$1593467.80,$7724.46
170,2019,CAPE MAY,CAPE MAY CITY,RESIDENTIAL,3438,$423483.01,$225332.34,$648815.36,$6021.56
171,2019,CAPE MAY,CAPE MAY POINT BORO,RESIDENTIAL,621,$503102.25,$197235.10,$700337.36,$4125.56
172,2019,CAPE MAY,DENNIS TWP,RESIDENTIAL,3519,$81724.92,$103286.62,$185011.54,$3205.94
173,2019,CAPE MAY,LOWER TWP,RESIDENTIAL,14230,$120305.36,$110922.33,$231227.69,$4043.05
174,2019,CAPE MAY,MIDDLE TWP,RESIDENTIAL,8557,$129112.45,$115627.63,$244740.07,$4511.31
175,2019,CAPE MAY,NORTH WILDWOOD CITY,RESIDENTIAL,7590,$167652.54,$138436.63,$306089.17,$3855.52
176,2019,CAPE MAY,OCEAN CITY CITY,RESIDENTIAL,18358,$370893.94,$235618.14,$606512.08,$5762.78
177,2019,CAPE MAY,SEA ISLE CITY CITY,RESIDENTIAL,6589,$450911.44,$219566.50,$670477.95,$4754.52
178,2019,CAPE MAY,STONE HARBOR BORO,RESIDENTIAL,2894,$1252066.00,$328462.37,$1580528.37,$8738.90
179,2019,CAPE MAY,UPPER TWP,RESIDENTIAL,5632,$132468.54,$148156.09,$280624.63,$5182.13
180,2019,CAPE MAY,WEST CAPE MAY BORO,RESIDENTIAL,951,$270263.41,$185659.31,$455922.71,$5651.46
181,2019,CAPE MAY,WEST WILDWOOD BORO,RESIDENTIAL,795,$94444.15,$149214.21,$243658.36,$4402.23
182,2019,CAPE MAY,WILDWOOD CITY,RESIDENTIAL,4415,$95858.80,$109542.33,$204672.30,$5097.53
183,2019,CAPE MAY,WILDWOOD CREST BORO,RESIDENTIAL,5081,$248026.67,$134341.21,$382367.88,$4778.05
184,2019,CAPE MAY,WOODBINE BORO,RESIDENTIAL,1085,$57481.29,$62912.81,$120394.10,$1892.44
185,2019,CUMBERLAND,BRIDGETON CITY,RESIDENTIAL,4506,$8109.68,$62073.66,$69838.77,$3227.30
186,2019,CUMBERLAND,COMMERCIAL TWP,RESIDENTIAL,2111,$35232.54,$75883.28,$111115.82,$2885.67
187,2019,CUMBERLAND,DEERFIELD TWP,RESIDENTIAL,974,$39024.33,$100733.37,$139757.70,$4728.79
188,2019,CUMBERLAND,DOWNE TWP,RESIDENTIAL,959,$68470.28,$81566.32,$150036.60,$3592.99
189,2019,CUMBERLAND,FAIRFIELD TWP,RESIDENTIAL,1592,$45555.40,$112648.87,$158204.27,$3906.64
190,2019,CUMBERLAND,GREENWICH TWP,RESIDENTIAL,294,$47351.70,$131653.06,$179004.76,$6204.03
191,2019,CUMBERLAND,HOPEWELL TWP,RESIDENTIAL,1449,$36057.49,$118881.30,$154938.79,$4985.53
192,2019,CUMBERLAND,LAWRENCE TWP,RESIDENTIAL,1102,$40288.02,$129790.65,$170078.68,$4562.35
193,2019,CUMBERLAND,MAURICE RIVER TWP,RESIDENTIAL,1367,$50883.61,$121595.54,$172479.15,$4767.36
194,2019,CUMBERLAND,MILLVILLE CITY,RESIDENTIAL,8378,$30020.84,$95053.88,$125074.72,$4191.51
195,2019,CUMBERLAND,SHILOH BORO,RESIDENTIAL,183,$31108.74,$119580.87,$150689.62,$4043.56
196,2019,CUMBERLAND,STOW CREEK TWP,RESIDENTIAL,387,$38820.93,$128192.76,$167013.70,$5335.56
197,2019,CUMBERLAND,UPPER DEERFIELD TWP,RESIDENTIAL,2449,$40752.18,$133032.83,$173771.74,$5229.07
198,2019,CUMBERLAND,VINELAND CITY,RESIDENTIAL,15923,$32877.76,$126801.88,$159618.88,$4462.64
199,2019,ESSEX,BELLEVILLE TWP,RESIDENTIAL,8395,$114193.69,$161979.70,$276173.39,$9503.61
200,2019,ESSEX,BLOOMFIELD TWP,RESIDENTIAL,11674,$123300.80,$148587.43,$271244.03,$10736.26
201,2019,ESSEX,CALDWELL BORO TWP,RESIDENTIAL,1923,$229646.96,$191528.39,$421175.35,$11427.01
202,2019,ESSEX,CEDAR GROVE TWP,RESIDENTIAL,3920,$234696.66,$233540.20,$468236.86,$11202.46
203,2019,ESSEX,EAST ORANGE CITY,RESIDENTIAL,8688,$53522.58,$113702.23,$167138.94,$8893.41
204,2019,ESSEX,ESSEX FELLS TWP,RESIDENTIAL,781,$491403.59,$521952.24,$1013355.83,$20081.03
205,2019,ESSEX,FAIRFIELD TWP,RESIDENTIAL,2548,$210347.96,$241536.89,$451884.85,$9858.81
206,2019,ESSEX,GLEN RIDGE BORO,RESIDENTIAL,2290,$352714.41,$311929.43,$664643.84,$20313.94
207,2019,ESSEX,IRVINGTON TWP,RESIDENTIAL,8125,$20692.76,$114462.18,$135120.12,$7709.97
208,2019,ESSEX,LIVINGSTON TWP,RESIDENTIAL,9919,$336801.07,$282305.29,$619106.35,$15926.10
209,2019,ESSEX,MAPLEWOOD TWP,RESIDENTIAL,6882,$257585.44,$241935.25,$499520.69,$15693.69
210,2019,ESSEX,MILLBURN TWP,RESIDENTIAL,6231,$665555.88,$607680.85,$1273236.74,$24385.27
211,2019,ESSEX,MONTCLAIR TWP,RESIDENTIAL,9585,$287501.11,$339404.44,$626905.55,$19402.70
212,2019,ESSEX,NEWARK CITY,RESIDENTIAL,29564,$34639.63,$142941.13,$176903.29,$6477.20
213,2019,ESSEX,NORTH CALDWELL TWP,RESIDENTIAL,2295,$304318.56,$379175.47,$683494.03,$16137.20
214,2019,ESSEX,NUTLEY TWP,RESIDENTIAL,8234,$141323.79,$178014.68,$319338.47,$11185.73
215,2019,ESSEX,ORANGE CITY TWP,RESIDENTIAL,4030,$55322.90,$122517.22,$177790.50,$9264.09
216,2019,ESSEX,ROSELAND BORO,RESIDENTIAL,2061,$233726.15,$232896.46,$466622.61,$10464.68
217,2019,ESSEX,SOUTH ORANGE VILLAGE TW,RESIDENTIAL,4365,$283065.50,$300436.52,$583502.02,$18379.97
218,2019,ESSEX,VERONA TWP,RESIDENTIAL,4873,$214175.66,$215400.43,$429576.09,$11512.87
219,2019,ESSEX,WEST CALDWELL TWP,RESIDENTIAL,3543,$235391.45,$205365.09,$440756.53,$11121.17
220,2019,ESSEX,WEST ORANGE TWP,RESIDENTIAL,13343,$137820.50,$200740.13,$338560.62,$13663.44
221,2019,GLOUCESTER,CLAYTON BORO,RESIDENTIAL,2625,$36767.54,$116700.84,$153393.98,$5862.68
222,2019,GLOUCESTER,DEPTFORD TWP,RESIDENTIAL,10333,$41258.37,$138884.66,$180143.03,$5762.70
223,2019,GLOUCESTER,EAST GREENWICH TWP,RESIDENTIAL,3596,$80934.07,$217478.28,$298412.35,$8959.09
224,2019,GLOUCESTER,ELK TWP,RESIDENTIAL,1435,$61182.93,$145716.86,$206899.79,$7220.30
225,2019,GLOUCESTER,FRANKLIN TWP,RESIDENTIAL,5620,$40162.51,$146319.22,$186481.73,$6404.04
226,2019,GLOUCESTER,GLASSBORO BORO,RESIDENTIAL,4919,$59543.06,$128050.15,$187580.67,$6569.42
227,2019,GLOUCESTER,GREENWICH TWP,RESIDENTIAL,1843,$34591.26,$127262.51,$161845.63,$5120.79
228,2019,GLOUCESTER,HARRISON TWP,RESIDENTIAL,4004,$79141.91,$263220.55,$342362.46,$9906.33
229,2019,GLOUCESTER,LOGAN TWP,RESIDENTIAL,2123,$49674.80,$162804.66,$212479.46,$4460.94
230,2019,GLOUCESTER,MANTUA TWP,RESIDENTIAL,5428,$59569.38,$146090.20,$205651.49,$6948.97
231,2019,GLOUCESTER,MONROE TWP,RESIDENTIAL,11025,$52341.99,$150778.20,$203120.18,$7206.27
232,2019,GLOUCESTER,NATIONAL PARK BORO,RESIDENTIAL,1081,$42008.05,$95776.69,$137784.74,$5983.86
233,2019,GLOUCESTER,NEWFIELD BORO,RESIDENTIAL,615,$51605.37,$128132.85,$179738.21,$6103.79
234,2019,GLOUCESTER,PAULSBORO BORO,RESIDENTIAL,1946,$21885.30,$82389.41,$104274.72,$3988.03
235,2019,GLOUCESTER,PITMAN BORO,RESIDENTIAL,2989,$47582.90,$121489.63,$168680.36,$7153.66
236,2019,GLOUCESTER,SO HARRISON TWP,RESIDENTIAL,967,$99602.90,$226015.72,$325618.61,$9451.87
237,2019,GLOUCESTER,SWEDESBORO BORO,RESIDENTIAL,791,$37770.80,$134317.45,$172088.24,$6929.07
238,2019,GLOUCESTER,WASHINGTON TWP,RESIDENTIAL,16203,$42530.34,$167715.17,$210245.51,$7558.29
239,2019,GLOUCESTER,WENONAH BORO,RESIDENTIAL,818,$93651.59,$167726.53,$261378.12,$10704.85
240,2019,GLOUCESTER,WEST DEPTFORD TWP,RESIDENTIAL,6702,$54608.09,$144943.18,$199529.95,$6415.23
241,2019,GLOUCESTER,WESTVILLE BORO,RESIDENTIAL,1391,$33805.90,$91029.55,$124727.75,$5643.02
242,2019,GLOUCESTER,WOODBURY CITY,RESIDENTIAL,2875,$38473.39,$100660.38,$139112.07,$6507.10
243,2019,GLOUCESTER,WOODBURY HEIGHTS BORO,RESIDENTIAL,1071,$44235.85,$133470.77,$177706.63,$7808.59
244,2019,GLOUCESTER,WOOLWICH TWP,RESIDENTIAL,3455,$61386.14,$227146.83,$288532.97,$10776.28
245,2019,HUDSON,BAYONNE CITY,RESIDENTIAL,11206,$59215.48,$64263.88,$123223.82,$10387.94
246,2019,HUDSON,EAST NEWARK BORO,RESIDENTIAL,343,$58849.27,$205201.46,$264050.73,$6730.90
247,2019,HUDSON,GUTTENBERG TOWN,RESIDENTIAL,2380,$100256.93,$149542.34,$249799.28,$9320.68
248,2019,HUDSON,HARRISON TOWN,RESIDENTIAL,1998,$41192.86,$112522.13,$153649.02,$11021.61
249,2019,HUDSON,HOBOKEN CITY,RESIDENTIAL,15547,$210632.36,$312014.95,$522561.03,$8266.96
250,2019,HUDSON,JERSEY CITY CITY,RESIDENTIAL,37881,$156729.05,$286140.42,$439789.02,$6333.47
251,2019,HUDSON,KEARNY TOWN,RESIDENTIAL,7129,$28788.29,$67611.20,$95953.39,$10136.39
252,2019,HUDSON,NORTH BERGEN TWP,RESIDENTIAL,10826,$47382.95,$89914.37,$137297.32,$7736.24
253,2019,HUDSON,SECAUCUS TOWN,RESIDENTIAL,4808,$65458.75,$109196.40,$174378.30,$6276.84
254,2019,HUDSON,UNION CITY CITY,RESIDENTIAL,6662,$56229.84,$60756.21,$116986.06,$8061.91
255,2019,HUDSON,WEEHAWKEN TWP,RESIDENTIAL,3252,$298824.51,$483853.14,$782677.64,$13105.15
256,2019,HUDSON,WEST NEW YORK TOWN,RESIDENTIAL,4452,$41432.97,$58595.81,$100006.77,$7533.63
257,2019,HUNTERDON,ALEXANDRIA TWP,RESIDENTIAL,1517,$140036.32,$242768.82,$382805.14,$9828.50
258,2019,HUNTERDON,BETHLEHEM TWP,RESIDENTIAL,1264,$119436.87,$236763.77,$356200.63,$10151.25
259,2019,HUNTERDON,BLOOMSBURY BORO,RESIDENTIAL,318,$47714.78,$166677.67,$214392.45,$6349.95
260,2019,HUNTERDON,CALIFON BORO,RESIDENTIAL,383,$129833.16,$200281.98,$330115.14,$10997.62
261,2019,HUNTERDON,CLINTON TOWN,RESIDENTIAL,868,$106624.19,$222233.41,$328857.60,$10179.57
262,2019,HUNTERDON,CLINTON TWP,RESIDENTIAL,4358,$118347.73,$277395.09,$395742.82,$10368.09
263,2019,HUNTERDON,DELAWARE TWP,RESIDENTIAL,1376,$171021.73,$223780.31,$394802.03,$10033.64
264,2019,HUNTERDON,EAST AMWELL TWP,RESIDENTIAL,1250,$167983.20,$196645.44,$364628.64,$8705.10
265,2019,HUNTERDON,FLEMINGTON BORO,RESIDENTIAL,851,$92045.12,$176746.42,$268762.16,$8109.61
266,2019,HUNTERDON,FRANKLIN TWP,RESIDENTIAL,916,$184506.55,$238399.45,$422906.00,$11005.73
267,2019,HUNTERDON,FRENCHTOWN BORO,RESIDENTIAL,425,$118576.94,$144316.24,$262893.18,$8782.11
268,2019,HUNTERDON,GLEN GARDNER BORO,RESIDENTIAL,709,$50572.36,$133432.44,$184004.80,$5867.30
269,2019,HUNTERDON,HAMPTON BORO,RESIDENTIAL,454,$74935.24,$162046.22,$236981.46,$7620.90
270,2019,HUNTERDON,HIGH BRIDGE BORO,RESIDENTIAL,1331,$86979.11,$139921.79,$226840.27,$9003.99
271,2019,HUNTERDON,HOLLAND TWP,RESIDENTIAL,1861,$86049.38,$196046.21,$282095.59,$7398.82
272,2019,HUNTERDON,KINGWOOD TWP,RESIDENTIAL,1188,$156396.46,$205626.26,$362022.73,$8286.01
273,2019,HUNTERDON,LAMBERTVILLE CITY,RESIDENTIAL,1618,$206124.91,$176567.24,$382692.15,$7860.58
274,2019,HUNTERDON,LEBANON BORO,RESIDENTIAL,573,$90937.00,$178675.39,$269612.39,$6158.11
275,2019,HUNTERDON,LEBANON TWP,RESIDENTIAL,2071,$108911.93,$192860.36,$301772.28,$8873.20
276,2019,HUNTERDON,MILFORD BORO,RESIDENTIAL,418,$91612.20,$134543.47,$226155.67,$8540.46
277,2019,HUNTERDON,RARITAN TWP,RESIDENTIAL,8034,$175420.53,$226811.89,$402232.41,$9991.18
278,2019,HUNTERDON,READINGTON TWP,RESIDENTIAL,5822,$134099.06,$225904.43,$360003.49,$10535.84
279,2019,HUNTERDON,STOCKTON BORO,RESIDENTIAL,210,$215433.33,$147350.95,$362784.29,$7547.66
280,2019,HUNTERDON,TEWKSBURY TWP,RESIDENTIAL,1950,$244849.13,$300436.72,$545285.85,$13872.92
281,2019,HUNTERDON,UNION TWP,RESIDENTIAL,1744,$92387.33,$211219.67,$303607.00,$8322.83
282,2019,HUNTERDON,WEST AMWELL TWP,RESIDENTIAL,933,$141148.55,$273198.29,$414346.84,$9030.33
283,2019,MERCER,EAST WINDSOR TWP,RESIDENTIAL,7786,$111476.92,$147346.39,$258823.31,$8497.45
284,2019,MERCER,EWING TWP,RESIDENTIAL,10668,$60090.84,$138112.15,$198202.99,$6509.88
285,2019,MERCER,HAMILTON TWP,RESIDENTIAL,29138,$65891.89,$149106.96,$214998.84,$6631.97
286,2019,MERCER,HIGHTSTOWN BORO,RESIDENTIAL,1474,$79504.27,$133662.28,$213073.34,$8852.03
287,2019,MERCER,HOPEWELL BORO,RESIDENTIAL,664,$212884.28,$193001.57,$405885.84,$11841.00
288,2019,MERCER,HOPEWELL TWP,RESIDENTIAL,5904,$209012.65,$254721.48,$463734.13,$13270.90
289,2019,MERCER,LAWRENCE TWP,RESIDENTIAL,9863,$87175.50,$194128.35,$281303.85,$7892.05
290,2019,MERCER,PENNINGTON BORO,RESIDENTIAL,881,$273323.61,$221000.34,$494323.95,$13234.43
291,2019,MERCER,PRINCETON,RESIDENTIAL,7076,$440530.20,$394982.32,$835512.52,$19356.53
292,2019,MERCER,ROBBINSVILLE TWP,RESIDENTIAL,5114,$165428.84,$210205.61,$375634.45,$11038.57
293,2019,MERCER,TRENTON CITY,RESIDENTIAL,21153,$11754.75,$50058.53,$61623.24,$3260.48
294,2019,MERCER,WEST WINDSOR TWP,RESIDENTIAL,8048,$213549.08,$309394.63,$521872.65,$14334.85
295,2019,MIDDLESEX,CARTERET BORO,RESIDENTIAL,5167,$102438.30,$139090.04,$241522.53,$6556.73
296,2019,MIDDLESEX,CRANBURY TWP,RESIDENTIAL,1162,$224918.24,$381313.51,$606231.76,$11925.70
297,2019,MIDDLESEX,DUNELLEN BORO,RESIDENTIAL,1943,$105493.98,$182677.77,$288171.74,$8695.78
298,2019,MIDDLESEX,EAST BRUNSWICK TWP,RESIDENTIAL,15962,$26949.42,$67162.85,$94112.27,$10400.01
299,2019,MIDDLESEX,EDISON TWP,RESIDENTIAL,25474,$83314.12,$96345.15,$179659.27,$9699.61
300,2019,MIDDLESEX,HELMETTA BORO,RESIDENTIAL,870,$84098.28,$121937.47,$206035.75,$6260.84
301,2019,MIDDLESEX,HIGHLAND PARK BORO,RESIDENTIAL,3056,$66006.02,$78292.54,$144298.56,$11783.89
302,2019,MIDDLESEX,JAMESBURG BORO,RESIDENTIAL,1601,$39245.85,$83559.21,$122789.44,$7728.09
303,2019,MIDDLESEX,METUCHEN BORO,RESIDENTIAL,4582,$85536.19,$98058.38,$183594.57,$10880.01
304,2019,MIDDLESEX,MIDDLESEX BORO,RESIDENTIAL,4190,$31101.43,$62220.81,$93321.89,$8260.95
305,2019,MIDDLESEX,MILLTOWN BORO,RESIDENTIAL,2387,$73493.72,$89900.88,$163394.60,$9294.77
306,2019,MIDDLESEX,MONROE TWP,RESIDENTIAL,20391,$115039.22,$201646.86,$316686.08,$8178.72
307,2019,MIDDLESEX,NEW BRUNSWICK CITY,RESIDENTIAL,5337,$124271.29,$147027.84,$271256.98,$6392.17
308,2019,MIDDLESEX,NORTH BRUNSWICK TWP,RESIDENTIAL,9909,$51621.89,$107898.50,$159331.29,$8813.95
309,2019,MIDDLESEX,OLD BRIDGE TWP,RESIDENTIAL,18456,$55676.20,$98486.94,$154163.13,$7735.33
310,2019,MIDDLESEX,PERTH AMBOY CITY,RESIDENTIAL,7717,$100013.72,$139835.42,$239845.90,$7069.92
311,2019,MIDDLESEX,PISCATAWAY TWP,RESIDENTIAL,13537,$163590.83,$166286.86,$329871.26,$7637.47
312,2019,MIDDLESEX,PLAINSBORO TWP,RESIDENTIAL,5495,$148362.24,$301046.08,$448779.00,$10272.02
313,2019,MIDDLESEX,SAYREVILLE BORO,RESIDENTIAL,11940,$48645.76,$96255.90,$144864.03,$7409.76
314,2019,MIDDLESEX,SOUTH AMBOY CITY,RESIDENTIAL,2728,$128889.55,$143195.05,$272084.60,$7468.63
315,2019,MIDDLESEX,SOUTH BRUNSWICK TWP,RESIDENTIAL,13071,$69206.30,$122303.39,$191509.69,$9525.26
316,2019,MIDDLESEX,SOUTH PLAINFIELD BORO,RESIDENTIAL,7415,$33955.68,$88769.86,$122654.35,$7233.67
317,2019,MIDDLESEX,SOUTH RIVER BORO,RESIDENTIAL,4324,$21700.83,$60587.60,$82288.44,$6590.32
318,2019,MIDDLESEX,SPOTSWOOD BORO,RESIDENTIAL,2543,$121393.67,$134088.28,$255481.95,$8256.73
319,2019,MIDDLESEX,WOODBRIDGE TWP,RESIDENTIAL,26435,$20480.67,$57176.46,$77657.13,$8353.31
320,2019,MONMOUTH,ABERDEEN TWP,RESIDENTIAL,6335,$149578.42,$150548.56,$300099.32,$7995.35
321,2019,MONMOUTH,ALLENHURST BORO,RESIDENTIAL,298,$1243507.72,$677469.80,$1920977.52,$14537.49
322,2019,MONMOUTH,ALLENTOWN BORO,RESIDENTIAL,594,$142562.29,$147834.68,$290396.97,$8833.41
323,2019,MONMOUTH,ASBURY PARK CITY,RESIDENTIAL,3317,$137694.15,$201017.94,$336145.76,$5340.53
324,2019,MONMOUTH,ATLANTIC HIGHLANDS BORO,RESIDENTIAL,1647,$282825.56,$199110.26,$481706.92,$9234.46
325,2019,MONMOUTH,AVON BY THE SEA BORO,RESIDENTIAL,1011,$580960.53,$281853.61,$862814.14,$9890.36
326,2019,MONMOUTH,BELMAR BORO,RESIDENTIAL,2660,$380279.55,$180053.65,$560010.64,$6900.92
327,2019,MONMOUTH,BRADLEY BEACH BORO,RESIDENTIAL,1932,$417709.89,$201326.29,$619036.18,$7588.83
328,2019,MONMOUTH,BRIELLE BORO,RESIDENTIAL,1975,$383514.48,$334069.97,$717584.46,$11570.84
329,2019,MONMOUTH,COLTS NECK TOWNSHIP,RESIDENTIAL,3120,$324145.35,$503789.20,$827934.55,$14730.63
330,2019,MONMOUTH,DEAL BORO,RESIDENTIAL,850,$1599002.94,$948976.82,$2547979.76,$16364.34
331,2019,MONMOUTH,EATONTOWN BORO,RESIDENTIAL,3032,$164037.04,$185423.22,$349404.82,$7714.12
332,2019,MONMOUTH,ENGLISHTOWN BORO,RESIDENTIAL,613,$124606.36,$194202.77,$318809.14,$7875.92
333,2019,MONMOUTH,FAIR HAVEN BORO,RESIDENTIAL,2041,$460732.29,$381994.61,$842726.90,$15264.44
334,2019,MONMOUTH,FARMINGDALE BORO,RESIDENTIAL,377,$110846.68,$206700.53,$317547.21,$6720.13
335,2019,MONMOUTH,FREEHOLD BORO,RESIDENTIAL,2960,$114542.30,$146543.61,$260809.59,$6882.08
336,2019,MONMOUTH,FREEHOLD TWP,RESIDENTIAL,11431,$131343.81,$288536.63,$419880.44,$9025.00
337,2019,MONMOUTH,HAZLET TWP,RESIDENTIAL,6281,$174178.25,$153146.71,$327294.38,$8323.93
338,2019,MONMOUTH,HIGHLANDS BORO,RESIDENTIAL,2236,$103593.25,$135898.84,$239334.62,$6613.66
339,2019,MONMOUTH,HOLMDEL TWP,RESIDENTIAL,5508,$314901.14,$361056.57,$675957.72,$13589.85
340,2019,MONMOUTH,HOWELL TWP,RESIDENTIAL,17219,$134456.70,$222677.07,$357133.77,$8145.57
341,2019,MONMOUTH,INTERLAKEN BORO,RESIDENTIAL,397,$382394.46,$315117.13,$697511.59,$8362.39
342,2019,MONMOUTH,KEANSBURG BORO,RESIDENTIAL,2961,$41449.07,$91354.17,$132803.24,$5047.66
343,2019,MONMOUTH,KEYPORT BORO,RESIDENTIAL,1960,$117120.00,$154164.13,$271271.38,$6739.67
344,2019,MONMOUTH,LAKE COMO BORO,RESIDENTIAL,933,$269972.13,$154024.76,$423996.89,$6318.22
345,2019,MONMOUTH,LITTLE SILVER BORO,RESIDENTIAL,2350,$337707.66,$344965.83,$682673.49,$13337.80
346,2019,MONMOUTH,LOCH ARBOUR VILLAGE,RESIDENTIAL,133,$753248.87,$513245.11,$1266493.98,$12512.99
347,2019,MONMOUTH,LONG BRANCH CITY,RESIDENTIAL,8526,$215051.99,$224911.19,$439289.12,$8972.51
348,2019,MONMOUTH,MANALAPAN TWP,RESIDENTIAL,14197,$140800.37,$307387.48,$448187.85,$8859.97
349,2019,MONMOUTH,MANASQUAN BORO,RESIDENTIAL,2882,$392679.32,$238039.63,$630718.95,$9621.61
350,2019,MONMOUTH,MARLBORO TWP,RESIDENTIAL,13217,$195276.58,$298602.90,$493879.48,$11205.83
351,2019,MONMOUTH,MATAWAN BORO,RESIDENTIAL,2468,$167085.29,$175917.10,$342960.25,$9149.65
352,2019,MONMOUTH,MIDDLETOWN TWP,RESIDENTIAL,22658,$209843.71,$228756.45,$438600.16,$9174.04
353,2019,MONMOUTH,MILLSTONE TWP,RESIDENTIAL,3111,$165957.44,$370455.40,$536412.84,$12246.08
354,2019,MONMOUTH,MONMOUTH BEACH BORO,RESIDENTIAL,1999,$397886.59,$349784.29,$747670.89,$8690.97
355,2019,MONMOUTH,NEPTUNE CITY BORO,RESIDENTIAL,1524,$113788.19,$166371.46,$278957.22,$6548.63
356,2019,MONMOUTH,NEPTUNE TWP,RESIDENTIAL,9720,$178247.42,$148251.99,$326499.40,$6822.46
357,2019,MONMOUTH,OCEAN TWP,RESIDENTIAL,8560,$269270.37,$236206.30,$505476.67,$10059.49
358,2019,MONMOUTH,OCEANPORT BORO,RESIDENTIAL,2103,$302593.34,$250124.49,$552717.83,$9571.09
359,2019,MONMOUTH,RED BANK BORO,RESIDENTIAL,3382,$193010.56,$183205.29,$376215.85,$8034.99
360,2019,MONMOUTH,ROOSEVELT BORO,RESIDENTIAL,306,$112009.80,$142571.24,$254581.05,$7326.43
361,2019,MONMOUTH,RUMSON BORO,RESIDENTIAL,2454,$737564.83,$688390.51,$1425955.34,$20751.53
362,2019,MONMOUTH,SEA BRIGHT BORO,RESIDENTIAL,1026,$405453.31,$191206.34,$596659.65,$8159.30
363,2019,MONMOUTH,SEA GIRT BORO,RESIDENTIAL,1230,$1309234.39,$614552.44,$1923786.83,$13049.94
364,2019,MONMOUTH,SHREWSBURY BORO,RESIDENTIAL,1443,$235246.64,$324593.90,$559840.54,$11890.64
365,2019,MONMOUTH,SHREWSBURY TWP,RESIDENTIAL,122,$116639.34,$45399.18,$162038.52,$4160.83
366,2019,MONMOUTH,SPRING LAKE BORO,RESIDENTIAL,1907,$1469175.14,$567960.93,$2037136.08,$12709.56
367,2019,MONMOUTH,SPRING LAKE HEIGHTS BOR,RESIDENTIAL,2134,$305731.77,$209081.16,$514812.93,$6951.80
368,2019,MONMOUTH,TINTON FALLS BORO,RESIDENTIAL,6739,$147808.98,$210239.77,$358048.75,$6942.71
369,2019,MONMOUTH,UNION BEACH BORO,RESIDENTIAL,2056,$98452.43,$158336.77,$256787.35,$6482.84
370,2019,MONMOUTH,UPPER FREEHOLD TWP,RESIDENTIAL,2184,$148776.51,$339486.17,$488262.68,$11663.25
371,2019,MONMOUTH,WALL TWP,RESIDENTIAL,9426,$227904.58,$251565.73,$479470.32,$9266.10
372,2019,MONMOUTH,WEST LONG BRANCH BORO,RESIDENTIAL,2290,$213573.23,$267942.49,$481515.72,$9641.15
373,2019,MORRIS,BOONTON TOWN,RESIDENTIAL,2381,$169612.94,$190822.81,$360435.74,$10611.69
374,2019,MORRIS,BOONTON TWP,RESIDENTIAL,1514,$247340.49,$281368.69,$528709.18,$11886.20
375,2019,MORRIS,BUTLER BORO,RESIDENTIAL,2441,$139664.11,$114192.34,$253856.45,$9128.36
376,2019,MORRIS,CHATHAM BORO,RESIDENTIAL,2696,$437014.76,$239770.22,$676784.98,$13835.49
377,2019,MORRIS,CHATHAM TWP,RESIDENTIAL,3705,$437698.65,$376694.82,$814393.47,$14918.94
378,2019,MORRIS,CHESTER BORO,RESIDENTIAL,463,$201898.27,$290490.28,$492388.55,$13014.47
379,2019,MORRIS,CHESTER TWP,RESIDENTIAL,2552,$271019.08,$386416.58,$657435.66,$15415.33
380,2019,MORRIS,DENVILLE TWP,RESIDENTIAL,6030,$174750.86,$230617.10,$405367.96,$9974.55
381,2019,MORRIS,DOVER TOWN,RESIDENTIAL,3589,$85498.27,$152916.86,$238415.13,$6127.87
382,2019,MORRIS,EAST HANOVER TWP,RESIDENTIAL,3974,$165065.90,$199468.62,$364534.52,$8260.28
383,2019,MORRIS,FLORHAM PARK BORO,RESIDENTIAL,3131,$377656.44,$280365.54,$658021.97,$9895.46
384,2019,MORRIS,HANOVER TWP,RESIDENTIAL,5071,$195986.98,$226709.68,$422696.67,$7876.72
385,2019,MORRIS,HARDING TWP,RESIDENTIAL,1417,$710113.76,$470534.51,$1180648.27,$13379.01
386,2019,MORRIS,JEFFERSON TWP,RESIDENTIAL,7881,$135980.66,$175493.39,$311474.05,$8358.35
387,2019,MORRIS,KINNELON BORO,RESIDENTIAL,3412,$223554.51,$355994.11,$579548.62,$14721.56
388,2019,MORRIS,LINCOLN PARK BORO,RESIDENTIAL,3531,$145218.30,$175350.69,$320568.99,$8598.74
389,2019,MORRIS,LONG HILL TWP,RESIDENTIAL,2900,$219306.14,$285686.17,$504992.31,$11910.31
390,2019,MORRIS,MADISON BORO,RESIDENTIAL,4257,$347127.81,$337629.81,$684757.62,$13167.59
391,2019,MORRIS,MENDHAM BORO,RESIDENTIAL,1620,$333865.86,$342459.26,$676325.12,$15080.71
392,2019,MORRIS,MENDHAM TWP,RESIDENTIAL,1937,$410296.08,$474065.93,$884362.00,$18761.05
393,2019,MORRIS,MINE HILL TWP,RESIDENTIAL,1384,$132981.58,$147337.36,$280318.93,$7515.46
394,2019,MORRIS,MONTVILLE TWP,RESIDENTIAL,7088,$217872.94,$310879.36,$528752.30,$12715.11
395,2019,MORRIS,MORRIS PLAINS BORO,RESIDENTIAL,2003,$233038.39,$205882.48,$438920.87,$9927.42
396,2019,MORRIS,MORRIS TWP,RESIDENTIAL,7794,$253691.35,$308012.11,$561703.46,$10161.47
397,2019,MORRIS,MORRISTOWN TOWN,RESIDENTIAL,3616,$200710.62,$153637.14,$354347.76,$10038.60
398,2019,MORRIS,MOUNT ARLINGTON BORO,RESIDENTIAL,2176,$128824.77,$162042.65,$290867.42,$7619.11
399,2019,MORRIS,MOUNT OLIVE TWP,RESIDENTIAL,6810,$138134.55,$181530.12,$319664.67,$10427.46
400,2019,MORRIS,MOUNTAIN LAKES BORO,RESIDENTIAL,1403,$403352.10,$372351.53,$775703.64,$20536.44
401,2019,MORRIS,NETCONG BORO,RESIDENTIAL,816,$160712.62,$123607.72,$284320.34,$7843.68
402,2019,MORRIS,PARSIPPANY TR HLS TWP,RESIDENTIAL,14291,$150949.72,$159787.22,$310736.93,$9100.95
403,2019,MORRIS,PEQUANNOCK TWP,RESIDENTIAL,4731,$207103.93,$168009.11,$375113.04,$8577.10
404,2019,MORRIS,RANDOLPH TWP,RESIDENTIAL,7335,$186923.63,$301649.18,$488572.80,$12512.59
405,2019,MORRIS,RIVERDALE BORO,RESIDENTIAL,1666,$169619.33,$152330.79,$321950.12,$5887.57
406,2019,MORRIS,ROCKAWAY BORO,RESIDENTIAL,1888,$169355.46,$131591.42,$300946.88,$9183.53
407,2019,MORRIS,ROCKAWAY TWP,RESIDENTIAL,8821,$147240.04,$192872.34,$340112.38,$9604.55
408,2019,MORRIS,ROXBURY TWP,RESIDENTIAL,7873,$112025.85,$231221.58,$343247.43,$8940.50
409,2019,MORRIS,VICTORY GARDENS BORO,RESIDENTIAL,295,$99443.05,$72037.63,$171480.68,$4400.39
410,2019,MORRIS,WASHINGTON TWP,RESIDENTIAL,5699,$166746.85,$269398.30,$436145.15,$11129.91
411,2019,MORRIS,WHARTON BORO,RESIDENTIAL,1684,$103611.34,$169629.33,$273240.68,$7990.40
412,2019,OCEAN,BARNEGAT LIGHT BORO,RESIDENTIAL,1191,$505027.12,$288473.13,$793500.25,$6752.98
413,2019,OCEAN,BARNEGAT TWP,RESIDENTIAL,8861,$90789.93,$149171.79,$239961.72,$6515.12
414,2019,OCEAN,BAY HEAD BORO,RESIDENTIAL,957,$1089358.20,$479949.01,$1569307.21,$13189.75
415,2019,OCEAN,BEACH HAVEN BORO,RESIDENTIAL,2283,$617588.13,$213351.55,$830939.68,$9311.98
416,2019,OCEAN,BEACHWOOD BORO,RESIDENTIAL,3741,$78158.94,$125953.94,$204112.88,$4865.58
417,2019,OCEAN,BERKELEY TWP,RESIDENTIAL,23283,$83974.02,$117222.37,$201196.39,$4280.78
418,2019,OCEAN,BRICK TWP,RESIDENTIAL,30503,$154562.63,$141383.97,$295946.61,$6657.21
419,2019,OCEAN,EAGLESWOOD TWP,RESIDENTIAL,711,$114211.53,$135862.17,$250073.70,$6139.72
420,2019,OCEAN,HARVEY CEDARS BORO,RESIDENTIAL,1193,$715330.43,$327326.24,$1042656.66,$9696.01
421,2019,OCEAN,ISLAND HEIGHTS BORO,RESIDENTIAL,818,$205105.87,$202016.01,$407121.88,$7361.31
422,2019,OCEAN,JACKSON TWP,RESIDENTIAL,17912,$108150.16,$219343.70,$327493.86,$7763.43
423,2019,OCEAN,LACEY TWP,RESIDENTIAL,11813,$116996.28,$160929.46,$277925.75,$5776.70
424,2019,OCEAN,LAKEHURST BORO,RESIDENTIAL,699,$64293.42,$94892.85,$159186.27,$4953.06
425,2019,OCEAN,LAKEWOOD TWP,RESIDENTIAL,22061,$127702.81,$204627.51,$332330.32,$6928.05
426,2019,OCEAN,LAVALLETTE BORO,RESIDENTIAL,2581,$518864.35,$188922.06,$707786.41,$6838.88
427,2019,OCEAN,LITTLE EGG HARBOR TWP,RESIDENTIAL,10301,$74943.12,$126088.45,$201031.57,$4806.33
428,2019,OCEAN,LONG BEACH TWP,RESIDENTIAL,8024,$666246.63,$281270.19,$947516.82,$9201.53
429,2019,OCEAN,MANCHESTER TWP,RESIDENTIAL,16314,$46376.46,$115224.51,$161598.83,$4067.28
430,2019,OCEAN,MANTOLOKING BORO,RESIDENTIAL,474,$1497611.81,$1128739.03,$2626350.84,$17977.81
431,2019,OCEAN,OCEAN GATE BORO,RESIDENTIAL,1048,$82980.73,$119224.52,$202205.25,$5091.93
432,2019,OCEAN,OCEAN TWP,RESIDENTIAL,4517,$109850.30,$159417.38,$269264.47,$5434.40
433,2019,OCEAN,PINE BEACH BORO,RESIDENTIAL,889,$119896.63,$149485.60,$269382.23,$6333.92
434,2019,OCEAN,PLUMSTED TWP,RESIDENTIAL,2420,$115529.05,$162712.36,$278216.36,$7207.75
435,2019,OCEAN,POINT PLEASANT BORO,RESIDENTIAL,7722,$224676.87,$163029.41,$387706.28,$7720.69
436,2019,OCEAN,PT PLEASANT BEACH BORO,RESIDENTIAL,2866,$378666.26,$179019.33,$557685.59,$8536.33
437,2019,OCEAN,SEASIDE HEIGHTS BORO,RESIDENTIAL,1779,$122795.62,$103542.21,$226337.83,$5108.66
438,2019,OCEAN,SEASIDE PARK BORO,RESIDENTIAL,1930,$407640.47,$146554.56,$554195.03,$7652.82
439,2019,OCEAN,SHIP BOTTOM BORO,RESIDENTIAL,1880,$393240.00,$241941.91,$635181.91,$6710.64
440,2019,OCEAN,SOUTH TOMS RIVER BORO,RESIDENTIAL,1121,$61139.88,$104710.70,$165850.58,$4788.60
441,2019,OCEAN,STAFFORD TWP,RESIDENTIAL,12796,$112306.55,$168384.27,$280690.82,$6366.31
442,2019,OCEAN,SURF CITY BORO,RESIDENTIAL,2117,$553464.29,$298483.14,$851947.43,$7182.96
443,2019,OCEAN,TOMS RIVER TWP,RESIDENTIAL,38096,$120554.38,$153342.75,$273897.13,$6422.72
444,2019,OCEAN,TUCKERTON BORO,RESIDENTIAL,1538,$74808.97,$139386.15,$214195.12,$5485.51
445,2019,PASSAIC,BLOOMINGDALE BORO,RESIDENTIAL,2453,$118517.37,$136628.58,$255145.94,$10948.27
446,2019,PASSAIC,CLIFTON CITY,RESIDENTIAL,21376,$85661.42,$92590.55,$178251.97,$9641.38
447,2019,PASSAIC,HALEDON BORO,RESIDENTIAL,1692,$67690.48,$162710.28,$230400.77,$10619.41
448,2019,PASSAIC,HAWTHORNE BORO,RESIDENTIAL,5459,$88782.71,$93331.65,$182114.36,$10637.27
449,2019,PASSAIC,LITTLE FALLS TWP,RESIDENTIAL,3478,$143233.96,$166126.14,$309360.09,$9667.35
450,2019,PASSAIC,NORTH HALEDON BORO,RESIDENTIAL,2934,$156642.60,$222445.77,$379088.38,$10832.21
451,2019,PASSAIC,PASSAIC CITY,RESIDENTIAL,6330,$91404.50,$181646.11,$272234.74,$9807.01
452,2019,PASSAIC,PATERSON CITY,RESIDENTIAL,18119,$49742.39,$142666.76,$192409.16,$7964.76
453,2019,PASSAIC,POMPTON LAKES BORO,RESIDENTIAL,3665,$109522.07,$169140.87,$278662.95,$10044.38
454,2019,PASSAIC,PROSPECT PARK BORO,RESIDENTIAL,1080,$52981.85,$158556.30,$211538.15,$10829.88
455,2019,PASSAIC,RINGWOOD BORO,RESIDENTIAL,4317,$150489.39,$151844.29,$302333.68,$11294.74
456,2019,PASSAIC,TOTOWA BORO,RESIDENTIAL,3435,$164711.97,$233513.10,$398225.07,$9454.41
457,2019,PASSAIC,WANAQUE BORO,RESIDENTIAL,4312,$86580.54,$143285.41,$229865.96,$8782.12
458,2019,PASSAIC,WAYNE TWP,RESIDENTIAL,16467,$106455.22,$123494.31,$229949.53,$12563.90
459,2019,PASSAIC,WEST MILFORD TWP,RESIDENTIAL,9854,$99171.02,$143315.21,$242486.23,$9082.33
460,2019,PASSAIC,WOODLAND PARK BORO,RESIDENTIAL,3645,$134969.66,$210526.20,$345495.86,$10896.54
461,2019,SALEM,ALLOWAY TOWNSHIP,RESIDENTIAL,1088,$57402.76,$135786.21,$193188.97,$5781.74
462,2019,SALEM,CARNEYS POINT TOWNSHIP,RESIDENTIAL,2583,$39745.88,$102776.19,$142522.07,$4730.93
463,2019,SALEM,ELMER BORO,RESIDENTIAL,475,$32860.84,$134709.68,$167570.53,$5986.05
464,2019,SALEM,ELSINBORO TWP,RESIDENTIAL,537,$65431.66,$114236.50,$179668.16,$4892.29
465,2019,SALEM,LOWER ALLOWAY CREEK TWP,RESIDENTIAL,557,$29889.59,$97031.06,$126920.65,$2060.02
466,2019,SALEM,MANNINGTON TWP,RESIDENTIAL,416,$38632.21,$133339.90,$171972.12,$5083.73
467,2019,SALEM,OLDMANS TWP,RESIDENTIAL,635,$41342.20,$151540.31,$192882.52,$5157.24
468,2019,SALEM,PENNS GROVE BORO,RESIDENTIAL,1202,$19381.95,$68186.02,$87567.97,$4227.00
469,2019,SALEM,PENNSVILLE TWP,RESIDENTIAL,4631,$49255.87,$104726.58,$153982.45,$6333.56
470,2019,SALEM,PILESGROVE TWP,RESIDENTIAL,1219,$91019.61,$181977.44,$272997.05,$8294.79
471,2019,SALEM,PITTSGROVE TWP,RESIDENTIAL,2580,$50554.53,$137043.14,$187597.67,$6770.29
472,2019,SALEM,QUINTON TWP,RESIDENTIAL,883,$41436.01,$120083.35,$161519.37,$4586.17
473,2019,SALEM,SALEM CITY,RESIDENTIAL,1519,$10824.62,$34922.19,$45685.66,$3143.72
474,2019,SALEM,UPPER PITTSGROVE TWP,RESIDENTIAL,902,$94695.90,$137964.19,$232660.09,$5837.71
475,2019,SALEM,WOODSTOWN BORO,RESIDENTIAL,1100,$79747.18,$127232.18,$206979.36,$7230.38
476,2019,SOMERSET,BEDMINSTER TWP,RESIDENTIAL,4049,$170973.43,$214220.47,$385193.90,$5143.25
477,2019,SOMERSET,BERNARDS TWP,RESIDENTIAL,9562,$272975.81,$352305.29,$625281.10,$12561.54
478,2019,SOMERSET,BERNARDSVILLE BORO,RESIDENTIAL,2528,$303240.19,$434337.26,$737577.45,$14702.56
479,2019,SOMERSET,BOUND BROOK BORO,RESIDENTIAL,2284,$87891.77,$164890.89,$252749.82,$7997.68
480,2019,SOMERSET,BRANCHBURG TWP,RESIDENTIAL,4927,$163316.74,$281609.74,$444926.49,$9426.88
481,2019,SOMERSET,BRIDGEWATER TWP,RESIDENTIAL,14871,$231628.40,$212559.28,$444187.69,$9274.52
482,2019,SOMERSET,FAR HILLS BORO,RESIDENTIAL,294,$372106.12,$520251.70,$892357.82,$12046.03
483,2019,SOMERSET,FRANKLIN TWP,RESIDENTIAL,20116,$124974.93,$211565.99,$336466.86,$7542.63
484,2019,SOMERSET,GREEN BROOK TWP,RESIDENTIAL,2355,$216610.87,$251292.91,$467903.78,$11966.13
485,2019,SOMERSET,HILLSBOROUGH TWP,RESIDENTIAL,12964,$174555.23,$227903.94,$402459.17,$9443.10
486,2019,SOMERSET,MANVILLE BORO,RESIDENTIAL,3171,$105495.22,$127361.37,$232856.59,$7472.82
487,2019,SOMERSET,MILLSTONE BORO,RESIDENTIAL,152,$121780.92,$197125.00,$318905.92,$8992.39
488,2019,SOMERSET,MONTGOMERY TWP,RESIDENTIAL,6773,$226715.02,$273132.97,$499847.99,$15367.53
489,2019,SOMERSET,NORTH PLAINFIELD BORO,RESIDENTIAL,4962,$85036.58,$138004.62,$223011.77,$8282.23
490,2019,SOMERSET,PEAPACK GLADSTONE BORO,RESIDENTIAL,746,$281577.88,$398160.19,$679738.07,$12748.92
491,2019,SOMERSET,RARITAN BORO,RESIDENTIAL,1895,$156426.41,$164225.37,$320651.79,$7837.72
492,2019,SOMERSET,ROCKY HILL BORO,RESIDENTIAL,250,$188874.80,$258645.60,$447520.40,$9780.06
493,2019,SOMERSET,SO BOUND BROOK BORO,RESIDENTIAL,1135,$101192.95,$139279.54,$240472.49,$8122.89
494,2019,SOMERSET,SOMERVILLE BORO,RESIDENTIAL,2656,$118339.87,$153967.70,$272176.66,$9758.05
495,2019,SOMERSET,WARREN TWP,RESIDENTIAL,5230,$286420.44,$457848.98,$744269.42,$14818.04
496,2019,SOMERSET,WATCHUNG BORO,RESIDENTIAL,1958,$296787.27,$418081.87,$714869.14,$14176.42
497,2019,SUSSEX,ANDOVER BORO,RESIDENTIAL,183,$94665.03,$142956.28,$237621.31,$7248.95
498,2019,SUSSEX,ANDOVER TWP,RESIDENTIAL,2006,$86568.59,$166653.99,$253222.58,$9090.51
499,2019,SUSSEX,BRANCHVILLE BORO,RESIDENTIAL,276,$93771.74,$162130.80,$255902.54,$5471.08
500,2019,SUSSEX,BYRAM TWP,RESIDENTIAL,3207,$106237.23,$147253.48,$253490.71,$8969.55
501,2019,SUSSEX,FRANKFORD TWP,RESIDENTIAL,2201,$126080.60,$138093.37,$264173.97,$6715.90
502,2019,SUSSEX,FRANKLIN BORO,RESIDENTIAL,1428,$61520.31,$112206.51,$173726.82,$6457.36
503,2019,SUSSEX,FREDON TWP,RESIDENTIAL,1068,$113640.54,$216679.12,$330319.66,$9515.18
504,2019,SUSSEX,GREEN TWP,RESIDENTIAL,1173,$107234.78,$204951.83,$312186.62,$11374.87
505,2019,SUSSEX,HAMBURG BORO,RESIDENTIAL,1355,$39585.68,$113839.48,$153425.17,$6189.18
506,2019,SUSSEX,HAMPTON TWP,RESIDENTIAL,1907,$73947.14,$153054.01,$227001.15,$6554.39
507,2019,SUSSEX,HARDYSTON TWP,RESIDENTIAL,3713,$76141.64,$156743.39,$232885.03,$6501.15
508,2019,SUSSEX,HOPATCONG BORO,RESIDENTIAL,6147,$92313.29,$122335.56,$214648.85,$7089.65
509,2019,SUSSEX,LAFAYETTE TWP,RESIDENTIAL,730,$110841.64,$194234.79,$305076.44,$8184.08
510,2019,SUSSEX,MONTAGUE TWP,RESIDENTIAL,1694,$46337.31,$107471.13,$153808.44,$4155.98
511,2019,SUSSEX,NEWTON TOWN,RESIDENTIAL,1988,$62006.94,$122788.18,$184795.12,$7864.31
512,2019,SUSSEX,OGDENSBURG BORO,RESIDENTIAL,805,$58512.92,$162653.42,$221166.34,$7911.38
513,2019,SUSSEX,SANDYSTON TWP,RESIDENTIAL,810,$79246.30,$132334.32,$211580.62,$5438.78
514,2019,SUSSEX,SPARTA TWP,RESIDENTIAL,6956,$156831.70,$213067.80,$369899.50,$12007.41
515,2019,SUSSEX,STANHOPE BORO,RESIDENTIAL,1366,$74548.46,$117112.08,$191660.54,$7864.90
516,2019,SUSSEX,STILLWATER TWP,RESIDENTIAL,1676,$72833.00,$131967.00,$204800.00,$6364.64
517,2019,SUSSEX,SUSSEX BORO,RESIDENTIAL,450,$48483.11,$130323.11,$178806.22,$5822.79
518,2019,SUSSEX,VERNON TWP,RESIDENTIAL,10657,$106594.82,$108368.66,$214963.48,$5792.93
519,2019,SUSSEX,WALPACK TWP,RESIDENTIAL,9,$20283.33,$42133.33,$62416.67,$327.37
520,2019,SUSSEX,WANTAGE TWP,RESIDENTIAL,3527,$70270.09,$184181.43,$254451.52,$6606.74
521,2019,UNION,BERKELEY HEIGHTS TWP,RESIDENTIAL,4431,$149726.18,$163398.33,$313124.51,$12772.68
522,2019,UNION,CLARK TWP,RESIDENTIAL,4883,$43108.97,$80187.47,$123296.44,$10524.41
523,2019,UNION,CRANFORD TWP,RESIDENTIAL,7494,$80335.08,$103644.22,$183979.30,$11768.98
524,2019,UNION,ELIZABETH CITY,RESIDENTIAL,15152,$9152.27,$25979.48,$34562.17,$9847.97
525,2019,UNION,FANWOOD BORO,RESIDENTIAL,2481,$32538.17,$52935.07,$85473.24,$12420.94
526,2019,UNION,GARWOOD BORO,RESIDENTIAL,1309,$36986.17,$65408.48,$102394.65,$10120.83
527,2019,UNION,HILLSIDE TWP,RESIDENTIAL,5659,$52753.24,$68897.14,$121650.38,$9245.11
528,2019,UNION,KENILWORTH BORO,RESIDENTIAL,2524,$71803.53,$109598.10,$181401.62,$8876.49
529,2019,UNION,LINDEN CITY,RESIDENTIAL,10181,$50606.48,$81030.82,$131637.30,$9053.59
530,2019,UNION,MOUNTAINSIDE BORO,RESIDENTIAL,2442,$62219.45,$103169.41,$165388.86,$12348.37
531,2019,UNION,NEW PROVIDENCE BORO,RESIDENTIAL,3724,$129390.71,$168054.24,$297444.95,$14344.58
532,2019,UNION,PLAINFIELD CITY,RESIDENTIAL,9189,$43198.41,$64617.26,$107815.67,$8847.89
533,2019,UNION,RAHWAY CITY,RESIDENTIAL,7318,$54214.94,$78557.93,$132772.88,$8855.03
534,2019,UNION,ROSELLE BORO,RESIDENTIAL,5212,$57665.66,$60900.94,$118566.60,$9805.33
535,2019,UNION,ROSELLE PARK BORO,RESIDENTIAL,3312,$109792.36,$142393.03,$252136.38,$10021.02
536,2019,UNION,SCOTCH PLAINS TWP,RESIDENTIAL,7328,$36885.94,$86061.37,$122947.31,$13459.77
537,2019,UNION,SPRINGFIELD TWP,RESIDENTIAL,4813,$62246.46,$99685.87,$161932.33,$11471.82
538,2019,UNION,SUMMIT CITY,RESIDENTIAL,6248,$192723.42,$224773.66,$417497.07,$18105.46
539,2019,UNION,UNION TWP,RESIDENTIAL,16176,$18376.39,$27738.67,$46115.06,$8920.48
540,2019,UNION,WESTFIELD TOWN,RESIDENTIAL,9196,$469500.60,$325657.99,$795158.59,$16972.60
541,2019,UNION,WINFIELD TWP,RESIDENTIAL,698,$0.00,$18418.48,$18418.48,$3536.13
542,2019,WARREN,ALLAMUCHY TWP,RESIDENTIAL,2274,$70267.41,$161595.07,$231862.49,$7814.14
543,2019,WARREN,ALPHA BORO,RESIDENTIAL,804,$67326.87,$115012.56,$182339.43,$5821.72
544,2019,WARREN,BELVIDERE TOWN,RESIDENTIAL,831,$37264.86,$83383.30,$120648.16,$7004.76
545,2019,WARREN,BLAIRSTOWN TWP,RESIDENTIAL,1877,$100913.43,$192970.38,$293883.80,$6761.98
546,2019,WARREN,FRANKLIN TWP,RESIDENTIAL,966,$100411.08,$196875.26,$297286.34,$8753.40
547,2019,WARREN,FRELINGHUYSEN TWP,RESIDENTIAL,613,$96755.95,$216344.21,$313100.16,$7621.58
548,2019,WARREN,GREENWICH TWP,RESIDENTIAL,1758,$55206.20,$217721.04,$272927.24,$8807.97
549,2019,WARREN,HACKETTSTOWN TOWN,RESIDENTIAL,2371,$107411.94,$168763.25,$276175.18,$8339.68
550,2019,WARREN,HARDWICK TWP,RESIDENTIAL,445,$67822.02,$178094.49,$245916.52,$7784.80
551,2019,WARREN,HARMONY TWP,RESIDENTIAL,956,$60694.25,$142747.49,$203441.74,$5033.72
552,2019,WARREN,HOPE TWP,RESIDENTIAL,651,$48586.33,$199384.49,$247970.81,$7088.79
553,2019,WARREN,INDEPENDENCE TWP,RESIDENTIAL,1897,$65698.68,$162598.73,$228297.42,$7548.33
554,2019,WARREN,KNOWLTON TWP,RESIDENTIAL,941,$53822.32,$152589.80,$206412.11,$7117.40
555,2019,WARREN,LIBERTY TWP,RESIDENTIAL,1028,$76693.58,$150632.59,$227326.17,$6862.16
556,2019,WARREN,LOPATCONG TWP,RESIDENTIAL,3000,$82533.20,$148846.29,$231379.49,$6797.98
557,2019,WARREN,MANSFIELD TWP,RESIDENTIAL,1811,$80317.06,$148098.95,$228416.01,$7638.31
558,2019,WARREN,OXFORD TWP,RESIDENTIAL,851,$43774.03,$122062.75,$165836.78,$6638.68
559,2019,WARREN,PHILLIPSBURG TOWN,RESIDENTIAL,4498,$28178.52,$82177.43,$110355.96,$4363.31
560,2019,WARREN,POHATCONG TWP,RESIDENTIAL,1231,$63266.53,$105801.48,$169068.01,$6420.18
561,2019,WARREN,WASHINGTON BORO,RESIDENTIAL,2020,$41953.37,$101044.80,$142998.17,$7385.68
562,2019,WARREN,WASHINGTON TWP,RESIDENTIAL,2263,$71659.26,$173798.02,$245457.27,$8788.98
563,2019,WARREN,WHITE TWP,RESIDENTIAL,1554,$99470.01,$158300.58,$257770.59,$5257.35
